index,image_name,image_path,classification
1,benign (328).png,Dataset_BUSI_with_GT/benign/benign (328).png,benign
2,benign (282).png,Dataset_BUSI_with_GT/benign/benign (282).png,benign
3,benign (144).png,Dataset_BUSI_with_GT/benign/benign (144).png,benign
4,benign (82).png,Dataset_BUSI_with_GT/benign/benign (82).png,benign
5,benign (390).png,Dataset_BUSI_with_GT/benign/benign (390).png,benign
6,benign (113).png,Dataset_BUSI_with_GT/benign/benign (113).png,benign
7,benign (406).png,Dataset_BUSI_with_GT/benign/benign (406).png,benign
8,benign (369).png,Dataset_BUSI_with_GT/benign/benign (369).png,benign
9,benign (386).png,Dataset_BUSI_with_GT/benign/benign (386).png,benign
10,benign (105).png,Dataset_BUSI_with_GT/benign/benign (105).png,benign
11,benign (410).png,Dataset_BUSI_with_GT/benign/benign (410).png,benign
12,benign (294).png,Dataset_BUSI_with_GT/benign/benign (294).png,benign
13,benign (152).png,Dataset_BUSI_with_GT/benign/benign (152).png,benign
14,benign (94).png,Dataset_BUSI_with_GT/benign/benign (94).png,benign
15,benign (200).png,Dataset_BUSI_with_GT/benign/benign (200).png,benign
16,benign (345).png,Dataset_BUSI_with_GT/benign/benign (345).png,benign
17,benign (129).png,Dataset_BUSI_with_GT/benign/benign (129).png,benign
18,benign (257).png,Dataset_BUSI_with_GT/benign/benign (257).png,benign
19,benign (312).png,Dataset_BUSI_with_GT/benign/benign (312).png,benign
20,benign (191).png,Dataset_BUSI_with_GT/benign/benign (191).png,benign
21,benign (57).png,Dataset_BUSI_with_GT/benign/benign (57).png,benign
22,benign (241).png,Dataset_BUSI_with_GT/benign/benign (241).png,benign
23,benign (304).png,Dataset_BUSI_with_GT/benign/benign (304).png,benign
24,benign (187).png,Dataset_BUSI_with_GT/benign/benign (187).png,benign
25,benign (41).png,Dataset_BUSI_with_GT/benign/benign (41).png,benign
26,benign (168).png,Dataset_BUSI_with_GT/benign/benign (168).png,benign
27,benign (216).png,Dataset_BUSI_with_GT/benign/benign (216).png,benign
28,benign (353).png,Dataset_BUSI_with_GT/benign/benign (353).png,benign
29,benign (16).png,Dataset_BUSI_with_GT/benign/benign (16).png,benign
30,benign (61).png,Dataset_BUSI_with_GT/benign/benign (61).png,benign
31,benign (148).png,Dataset_BUSI_with_GT/benign/benign (148).png,benign
32,benign (324).png,Dataset_BUSI_with_GT/benign/benign (324).png,benign
33,benign (261).png,Dataset_BUSI_with_GT/benign/benign (261).png,benign
34,benign (36).png,Dataset_BUSI_with_GT/benign/benign (36).png,benign
35,benign (373).png,Dataset_BUSI_with_GT/benign/benign (373).png,benign
36,benign (236).png,Dataset_BUSI_with_GT/benign/benign (236).png,benign
37,benign (20).png,Dataset_BUSI_with_GT/benign/benign (20).png,benign
38,benign (109).png,Dataset_BUSI_with_GT/benign/benign (109).png,benign
39,benign (365).png,Dataset_BUSI_with_GT/benign/benign (365).png,benign
40,benign (220).png,Dataset_BUSI_with_GT/benign/benign (220).png,benign
41,benign (77).png,Dataset_BUSI_with_GT/benign/benign (77).png,benign
42,benign (98).png,Dataset_BUSI_with_GT/benign/benign (98).png,benign
43,benign (332).png,Dataset_BUSI_with_GT/benign/benign (332).png,benign
44,benign (298).png,Dataset_BUSI_with_GT/benign/benign (298).png,benign
45,benign (277).png,Dataset_BUSI_with_GT/benign/benign (277).png,benign
46,benign (2).png,Dataset_BUSI_with_GT/benign/benign (2).png,benign
47,benign (430).png,Dataset_BUSI_with_GT/benign/benign (430).png,benign
48,benign (125).png,Dataset_BUSI_with_GT/benign/benign (125).png,benign
49,benign (349).png,Dataset_BUSI_with_GT/benign/benign (349).png,benign
50,benign (172).png,Dataset_BUSI_with_GT/benign/benign (172).png,benign
51,benign (164).png,Dataset_BUSI_with_GT/benign/benign (164).png,benign
52,benign (308).png,Dataset_BUSI_with_GT/benign/benign (308).png,benign
53,benign (426).png,Dataset_BUSI_with_GT/benign/benign (426).png,benign
54,benign (133).png,Dataset_BUSI_with_GT/benign/benign (133).png,benign
55,benign (427).png,Dataset_BUSI_with_GT/benign/benign (427).png,benign
56,benign (132).png,Dataset_BUSI_with_GT/benign/benign (132).png,benign
57,benign (309).png,Dataset_BUSI_with_GT/benign/benign (309).png,benign
58,benign (165).png,Dataset_BUSI_with_GT/benign/benign (165).png,benign
59,benign (173).png,Dataset_BUSI_with_GT/benign/benign (173).png,benign
60,benign (348).png,Dataset_BUSI_with_GT/benign/benign (348).png,benign
61,benign (3).png,Dataset_BUSI_with_GT/benign/benign (3).png,benign
62,benign (431).png,Dataset_BUSI_with_GT/benign/benign (431).png,benign
63,benign (124).png,Dataset_BUSI_with_GT/benign/benign (124).png,benign
64,benign (333).png,Dataset_BUSI_with_GT/benign/benign (333).png,benign
65,benign (299).png,Dataset_BUSI_with_GT/benign/benign (299).png,benign
66,benign (276).png,Dataset_BUSI_with_GT/benign/benign (276).png,benign
67,benign (76).png,Dataset_BUSI_with_GT/benign/benign (76).png,benign
68,benign (99).png,Dataset_BUSI_with_GT/benign/benign (99).png,benign
69,benign (364).png,Dataset_BUSI_with_GT/benign/benign (364).png,benign
70,benign (221).png,Dataset_BUSI_with_GT/benign/benign (221).png,benign
71,benign (21).png,Dataset_BUSI_with_GT/benign/benign (21).png,benign
72,benign (108).png,Dataset_BUSI_with_GT/benign/benign (108).png,benign
73,benign (372).png,Dataset_BUSI_with_GT/benign/benign (372).png,benign
74,benign (237).png,Dataset_BUSI_with_GT/benign/benign (237).png,benign
75,benign (37).png,Dataset_BUSI_with_GT/benign/benign (37).png,benign
76,benign (325).png,Dataset_BUSI_with_GT/benign/benign (325).png,benign
77,benign (260).png,Dataset_BUSI_with_GT/benign/benign (260).png,benign
78,benign (60).png,Dataset_BUSI_with_GT/benign/benign (60).png,benign
79,benign (149).png,Dataset_BUSI_with_GT/benign/benign (149).png,benign
80,benign (17).png,Dataset_BUSI_with_GT/benign/benign (17).png,benign
81,benign (217).png,Dataset_BUSI_with_GT/benign/benign (217).png,benign
82,benign (352).png,Dataset_BUSI_with_GT/benign/benign (352).png,benign
83,benign (186).png,Dataset_BUSI_with_GT/benign/benign (186).png,benign
84,benign (40).png,Dataset_BUSI_with_GT/benign/benign (40).png,benign
85,benign (169).png,Dataset_BUSI_with_GT/benign/benign (169).png,benign
86,benign (240).png,Dataset_BUSI_with_GT/benign/benign (240).png,benign
87,benign (305).png,Dataset_BUSI_with_GT/benign/benign (305).png,benign
88,benign (190).png,Dataset_BUSI_with_GT/benign/benign (190).png,benign
89,benign (56).png,Dataset_BUSI_with_GT/benign/benign (56).png,benign
90,benign (256).png,Dataset_BUSI_with_GT/benign/benign (256).png,benign
91,benign (313).png,Dataset_BUSI_with_GT/benign/benign (313).png,benign
92,benign (128).png,Dataset_BUSI_with_GT/benign/benign (128).png,benign
93,benign (201).png,Dataset_BUSI_with_GT/benign/benign (201).png,benign
94,benign (344).png,Dataset_BUSI_with_GT/benign/benign (344).png,benign
95,benign (153).png,Dataset_BUSI_with_GT/benign/benign (153).png,benign
96,benign (95).png,Dataset_BUSI_with_GT/benign/benign (95).png,benign
97,benign (295).png,Dataset_BUSI_with_GT/benign/benign (295).png,benign
98,benign (104).png,Dataset_BUSI_with_GT/benign/benign (104).png,benign
99,benign (411).png,Dataset_BUSI_with_GT/benign/benign (411).png,benign
100,benign (368).png,Dataset_BUSI_with_GT/benign/benign (368).png,benign
101,benign (387).png,Dataset_BUSI_with_GT/benign/benign (387).png,benign
102,benign (112).png,Dataset_BUSI_with_GT/benign/benign (112).png,benign
103,benign (407).png,Dataset_BUSI_with_GT/benign/benign (407).png,benign
104,benign (391).png,Dataset_BUSI_with_GT/benign/benign (391).png,benign
105,benign (145).png,Dataset_BUSI_with_GT/benign/benign (145).png,benign
106,benign (83).png,Dataset_BUSI_with_GT/benign/benign (83).png,benign
107,benign (329).png,Dataset_BUSI_with_GT/benign/benign (329).png,benign
108,benign (283).png,Dataset_BUSI_with_GT/benign/benign (283).png,benign
109,benign (67).png,Dataset_BUSI_with_GT/benign/benign (67).png,benign
110,benign (88).png,Dataset_BUSI_with_GT/benign/benign (88).png,benign
111,benign (288).png,Dataset_BUSI_with_GT/benign/benign (288).png,benign
112,benign (322).png,Dataset_BUSI_with_GT/benign/benign (322).png,benign
113,benign (267).png,Dataset_BUSI_with_GT/benign/benign (267).png,benign
114,benign (30).png,Dataset_BUSI_with_GT/benign/benign (30).png,benign
115,benign (119).png,Dataset_BUSI_with_GT/benign/benign (119).png,benign
116,benign (375).png,Dataset_BUSI_with_GT/benign/benign (375).png,benign
117,benign (230).png,Dataset_BUSI_with_GT/benign/benign (230).png,benign
118,benign (26).png,Dataset_BUSI_with_GT/benign/benign (26).png,benign
119,benign (363).png,Dataset_BUSI_with_GT/benign/benign (363).png,benign
120,benign (226).png,Dataset_BUSI_with_GT/benign/benign (226).png,benign
121,benign (71).png,Dataset_BUSI_with_GT/benign/benign (71).png,benign
122,benign (158).png,Dataset_BUSI_with_GT/benign/benign (158).png,benign
123,benign (334).png,Dataset_BUSI_with_GT/benign/benign (334).png,benign
124,benign (271).png,Dataset_BUSI_with_GT/benign/benign (271).png,benign
125,benign (436).png,Dataset_BUSI_with_GT/benign/benign (436).png,benign
126,benign (4).png,Dataset_BUSI_with_GT/benign/benign (4).png,benign
127,benign (123).png,Dataset_BUSI_with_GT/benign/benign (123).png,benign
128,benign (174).png,Dataset_BUSI_with_GT/benign/benign (174).png,benign
129,benign (318).png,Dataset_BUSI_with_GT/benign/benign (318).png,benign
130,benign (162).png,Dataset_BUSI_with_GT/benign/benign (162).png,benign
131,benign (420).png,Dataset_BUSI_with_GT/benign/benign (420).png,benign
132,benign (135).png,Dataset_BUSI_with_GT/benign/benign (135).png,benign
133,benign (359).png,Dataset_BUSI_with_GT/benign/benign (359).png,benign
134,benign (284).png,Dataset_BUSI_with_GT/benign/benign (284).png,benign
135,benign (142).png,Dataset_BUSI_with_GT/benign/benign (142).png,benign
136,benign (84).png,Dataset_BUSI_with_GT/benign/benign (84).png,benign
137,benign (379).png,Dataset_BUSI_with_GT/benign/benign (379).png,benign
138,benign (396).png,Dataset_BUSI_with_GT/benign/benign (396).png,benign
139,benign (115).png,Dataset_BUSI_with_GT/benign/benign (115).png,benign
140,benign (400).png,Dataset_BUSI_with_GT/benign/benign (400).png,benign
141,benign (380).png,Dataset_BUSI_with_GT/benign/benign (380).png,benign
142,benign (103).png,Dataset_BUSI_with_GT/benign/benign (103).png,benign
143,benign (416).png,Dataset_BUSI_with_GT/benign/benign (416).png,benign
144,benign (292).png,Dataset_BUSI_with_GT/benign/benign (292).png,benign
145,benign (338).png,Dataset_BUSI_with_GT/benign/benign (338).png,benign
146,benign (154).png,Dataset_BUSI_with_GT/benign/benign (154).png,benign
147,benign (92).png,Dataset_BUSI_with_GT/benign/benign (92).png,benign
148,benign (206).png,Dataset_BUSI_with_GT/benign/benign (206).png,benign
149,benign (343).png,Dataset_BUSI_with_GT/benign/benign (343).png,benign
150,benign (8).png,Dataset_BUSI_with_GT/benign/benign (8).png,benign
151,benign (251).png,Dataset_BUSI_with_GT/benign/benign (251).png,benign
152,benign (314).png,Dataset_BUSI_with_GT/benign/benign (314).png,benign
153,benign (197).png,Dataset_BUSI_with_GT/benign/benign (197).png,benign
154,benign (51).png,Dataset_BUSI_with_GT/benign/benign (51).png,benign
155,benign (178).png,Dataset_BUSI_with_GT/benign/benign (178).png,benign
156,benign (247).png,Dataset_BUSI_with_GT/benign/benign (247).png,benign
157,benign (302).png,Dataset_BUSI_with_GT/benign/benign (302).png,benign
158,benign (181).png,Dataset_BUSI_with_GT/benign/benign (181).png,benign
159,benign (47).png,Dataset_BUSI_with_GT/benign/benign (47).png,benign
160,benign (210).png,Dataset_BUSI_with_GT/benign/benign (210).png,benign
161,benign (355).png,Dataset_BUSI_with_GT/benign/benign (355).png,benign
162,benign (10).png,Dataset_BUSI_with_GT/benign/benign (10).png,benign
163,benign (139).png,Dataset_BUSI_with_GT/benign/benign (139).png,benign
164,benign (11).png,Dataset_BUSI_with_GT/benign/benign (11).png,benign
165,benign (138).png,Dataset_BUSI_with_GT/benign/benign (138).png,benign
166,benign (211).png,Dataset_BUSI_with_GT/benign/benign (211).png,benign
167,benign (354).png,Dataset_BUSI_with_GT/benign/benign (354).png,benign
168,benign (180).png,Dataset_BUSI_with_GT/benign/benign (180).png,benign
169,benign (46).png,Dataset_BUSI_with_GT/benign/benign (46).png,benign
170,benign (246).png,Dataset_BUSI_with_GT/benign/benign (246).png,benign
171,benign (303).png,Dataset_BUSI_with_GT/benign/benign (303).png,benign
172,benign (196).png,Dataset_BUSI_with_GT/benign/benign (196).png,benign
173,benign (50).png,Dataset_BUSI_with_GT/benign/benign (50).png,benign
174,benign (179).png,Dataset_BUSI_with_GT/benign/benign (179).png,benign
175,benign (250).png,Dataset_BUSI_with_GT/benign/benign (250).png,benign
176,benign (315).png,Dataset_BUSI_with_GT/benign/benign (315).png,benign
177,benign (9).png,Dataset_BUSI_with_GT/benign/benign (9).png,benign
178,benign (207).png,Dataset_BUSI_with_GT/benign/benign (207).png,benign
179,benign (342).png,Dataset_BUSI_with_GT/benign/benign (342).png,benign
180,benign (155).png,Dataset_BUSI_with_GT/benign/benign (155).png,benign
181,benign (93).png,Dataset_BUSI_with_GT/benign/benign (93).png,benign
182,benign (293).png,Dataset_BUSI_with_GT/benign/benign (293).png,benign
183,benign (339).png,Dataset_BUSI_with_GT/benign/benign (339).png,benign
184,benign (102).png,Dataset_BUSI_with_GT/benign/benign (102).png,benign
185,benign (417).png,Dataset_BUSI_with_GT/benign/benign (417).png,benign
186,benign (381).png,Dataset_BUSI_with_GT/benign/benign (381).png,benign
187,benign (114).png,Dataset_BUSI_with_GT/benign/benign (114).png,benign
188,benign (401).png,Dataset_BUSI_with_GT/benign/benign (401).png,benign
189,benign (378).png,Dataset_BUSI_with_GT/benign/benign (378).png,benign
190,benign (397).png,Dataset_BUSI_with_GT/benign/benign (397).png,benign
191,benign (143).png,Dataset_BUSI_with_GT/benign/benign (143).png,benign
192,benign (85).png,Dataset_BUSI_with_GT/benign/benign (85).png,benign
193,benign (285).png,Dataset_BUSI_with_GT/benign/benign (285).png,benign
194,benign (358).png,Dataset_BUSI_with_GT/benign/benign (358).png,benign
195,benign (421).png,Dataset_BUSI_with_GT/benign/benign (421).png,benign
196,benign (134).png,Dataset_BUSI_with_GT/benign/benign (134).png,benign
197,benign (163).png,Dataset_BUSI_with_GT/benign/benign (163).png,benign
198,benign (319).png,Dataset_BUSI_with_GT/benign/benign (319).png,benign
199,benign (175).png,Dataset_BUSI_with_GT/benign/benign (175).png,benign
200,benign (437).png,Dataset_BUSI_with_GT/benign/benign (437).png,benign
201,benign (5).png,Dataset_BUSI_with_GT/benign/benign (5).png,benign
202,benign (122).png,Dataset_BUSI_with_GT/benign/benign (122).png,benign
203,benign (335).png,Dataset_BUSI_with_GT/benign/benign (335).png,benign
204,benign (270).png,Dataset_BUSI_with_GT/benign/benign (270).png,benign
205,benign (70).png,Dataset_BUSI_with_GT/benign/benign (70).png,benign
206,benign (159).png,Dataset_BUSI_with_GT/benign/benign (159).png,benign
207,benign (362).png,Dataset_BUSI_with_GT/benign/benign (362).png,benign
208,benign (227).png,Dataset_BUSI_with_GT/benign/benign (227).png,benign
209,benign (27).png,Dataset_BUSI_with_GT/benign/benign (27).png,benign
210,benign (374).png,Dataset_BUSI_with_GT/benign/benign (374).png,benign
211,benign (231).png,Dataset_BUSI_with_GT/benign/benign (231).png,benign
212,benign (31).png,Dataset_BUSI_with_GT/benign/benign (31).png,benign
213,benign (118).png,Dataset_BUSI_with_GT/benign/benign (118).png,benign
214,benign (289).png,Dataset_BUSI_with_GT/benign/benign (289).png,benign
215,benign (323).png,Dataset_BUSI_with_GT/benign/benign (323).png,benign
216,benign (266).png,Dataset_BUSI_with_GT/benign/benign (266).png,benign
217,benign (66).png,Dataset_BUSI_with_GT/benign/benign (66).png,benign
218,benign (89).png,Dataset_BUSI_with_GT/benign/benign (89).png,benign
219,benign (137).png,Dataset_BUSI_with_GT/benign/benign (137).png,benign
220,benign (422).png,Dataset_BUSI_with_GT/benign/benign (422).png,benign
221,benign (249).png,Dataset_BUSI_with_GT/benign/benign (249).png,benign
222,benign (160).png,Dataset_BUSI_with_GT/benign/benign (160).png,benign
223,benign (49).png,Dataset_BUSI_with_GT/benign/benign (49).png,benign
224,benign (176).png,Dataset_BUSI_with_GT/benign/benign (176).png,benign
225,benign (199).png,Dataset_BUSI_with_GT/benign/benign (199).png,benign
226,benign (208).png,Dataset_BUSI_with_GT/benign/benign (208).png,benign
227,benign (121).png,Dataset_BUSI_with_GT/benign/benign (121).png,benign
228,benign (6).png,Dataset_BUSI_with_GT/benign/benign (6).png,benign
229,benign (434).png,Dataset_BUSI_with_GT/benign/benign (434).png,benign
230,benign (273).png,Dataset_BUSI_with_GT/benign/benign (273).png,benign
231,benign (336).png,Dataset_BUSI_with_GT/benign/benign (336).png,benign
232,benign (73).png,Dataset_BUSI_with_GT/benign/benign (73).png,benign
233,benign (224).png,Dataset_BUSI_with_GT/benign/benign (224).png,benign
234,benign (361).png,Dataset_BUSI_with_GT/benign/benign (361).png,benign
235,benign (418).png,Dataset_BUSI_with_GT/benign/benign (418).png,benign
236,benign (24).png,Dataset_BUSI_with_GT/benign/benign (24).png,benign
237,benign (232).png,Dataset_BUSI_with_GT/benign/benign (232).png,benign
238,benign (398).png,Dataset_BUSI_with_GT/benign/benign (398).png,benign
239,benign (377).png,Dataset_BUSI_with_GT/benign/benign (377).png,benign
240,benign (32).png,Dataset_BUSI_with_GT/benign/benign (32).png,benign
241,benign (265).png,Dataset_BUSI_with_GT/benign/benign (265).png,benign
242,benign (320).png,Dataset_BUSI_with_GT/benign/benign (320).png,benign
243,benign (65).png,Dataset_BUSI_with_GT/benign/benign (65).png,benign
244,benign (12).png,Dataset_BUSI_with_GT/benign/benign (12).png,benign
245,benign (357).png,Dataset_BUSI_with_GT/benign/benign (357).png,benign
246,benign (212).png,Dataset_BUSI_with_GT/benign/benign (212).png,benign
247,benign (45).png,Dataset_BUSI_with_GT/benign/benign (45).png,benign
248,benign (183).png,Dataset_BUSI_with_GT/benign/benign (183).png,benign
249,benign (300).png,Dataset_BUSI_with_GT/benign/benign (300).png,benign
250,benign (245).png,Dataset_BUSI_with_GT/benign/benign (245).png,benign
251,benign (53).png,Dataset_BUSI_with_GT/benign/benign (53).png,benign
252,benign (195).png,Dataset_BUSI_with_GT/benign/benign (195).png,benign
253,benign (316).png,Dataset_BUSI_with_GT/benign/benign (316).png,benign
254,benign (253).png,Dataset_BUSI_with_GT/benign/benign (253).png,benign
255,benign (341).png,Dataset_BUSI_with_GT/benign/benign (341).png,benign
256,benign (204).png,Dataset_BUSI_with_GT/benign/benign (204).png,benign
257,benign (90).png,Dataset_BUSI_with_GT/benign/benign (90).png,benign
258,benign (156).png,Dataset_BUSI_with_GT/benign/benign (156).png,benign
259,benign (290).png,Dataset_BUSI_with_GT/benign/benign (290).png,benign
260,benign (414).png,Dataset_BUSI_with_GT/benign/benign (414).png,benign
261,benign (101).png,Dataset_BUSI_with_GT/benign/benign (101).png,benign
262,benign (28).png,Dataset_BUSI_with_GT/benign/benign (28).png,benign
263,benign (228).png,Dataset_BUSI_with_GT/benign/benign (228).png,benign
264,benign (382).png,Dataset_BUSI_with_GT/benign/benign (382).png,benign
265,benign (402).png,Dataset_BUSI_with_GT/benign/benign (402).png,benign
266,benign (117).png,Dataset_BUSI_with_GT/benign/benign (117).png,benign
267,benign (394).png,Dataset_BUSI_with_GT/benign/benign (394).png,benign
268,benign (86).png,Dataset_BUSI_with_GT/benign/benign (86).png,benign
269,benign (140).png,Dataset_BUSI_with_GT/benign/benign (140).png,benign
270,benign (69).png,Dataset_BUSI_with_GT/benign/benign (69).png,benign
271,benign (269).png,Dataset_BUSI_with_GT/benign/benign (269).png,benign
272,benign (286).png,Dataset_BUSI_with_GT/benign/benign (286).png,benign
273,benign (268).png,Dataset_BUSI_with_GT/benign/benign (268).png,benign
274,benign (287).png,Dataset_BUSI_with_GT/benign/benign (287).png,benign
275,benign (87).png,Dataset_BUSI_with_GT/benign/benign (87).png,benign
276,benign (141).png,Dataset_BUSI_with_GT/benign/benign (141).png,benign
277,benign (68).png,Dataset_BUSI_with_GT/benign/benign (68).png,benign
278,benign (395).png,Dataset_BUSI_with_GT/benign/benign (395).png,benign
279,benign (403).png,Dataset_BUSI_with_GT/benign/benign (403).png,benign
280,benign (116).png,Dataset_BUSI_with_GT/benign/benign (116).png,benign
281,benign (229).png,Dataset_BUSI_with_GT/benign/benign (229).png,benign
282,benign (383).png,Dataset_BUSI_with_GT/benign/benign (383).png,benign
283,benign (415).png,Dataset_BUSI_with_GT/benign/benign (415).png,benign
284,benign (100).png,Dataset_BUSI_with_GT/benign/benign (100).png,benign
285,benign (29).png,Dataset_BUSI_with_GT/benign/benign (29).png,benign
286,benign (291).png,Dataset_BUSI_with_GT/benign/benign (291).png,benign
287,benign (91).png,Dataset_BUSI_with_GT/benign/benign (91).png,benign
288,benign (157).png,Dataset_BUSI_with_GT/benign/benign (157).png,benign
289,benign (340).png,Dataset_BUSI_with_GT/benign/benign (340).png,benign
290,benign (205).png,Dataset_BUSI_with_GT/benign/benign (205).png,benign
291,benign (317).png,Dataset_BUSI_with_GT/benign/benign (317).png,benign
292,benign (252).png,Dataset_BUSI_with_GT/benign/benign (252).png,benign
293,benign (52).png,Dataset_BUSI_with_GT/benign/benign (52).png,benign
294,benign (194).png,Dataset_BUSI_with_GT/benign/benign (194).png,benign
295,benign (301).png,Dataset_BUSI_with_GT/benign/benign (301).png,benign
296,benign (244).png,Dataset_BUSI_with_GT/benign/benign (244).png,benign
297,benign (44).png,Dataset_BUSI_with_GT/benign/benign (44).png,benign
298,benign (182).png,Dataset_BUSI_with_GT/benign/benign (182).png,benign
299,benign (356).png,Dataset_BUSI_with_GT/benign/benign (356).png,benign
300,benign (213).png,Dataset_BUSI_with_GT/benign/benign (213).png,benign
301,benign (13).png,Dataset_BUSI_with_GT/benign/benign (13).png,benign
302,benign (64).png,Dataset_BUSI_with_GT/benign/benign (64).png,benign
303,benign (264).png,Dataset_BUSI_with_GT/benign/benign (264).png,benign
304,benign (321).png,Dataset_BUSI_with_GT/benign/benign (321).png,benign
305,benign (33).png,Dataset_BUSI_with_GT/benign/benign (33).png,benign
306,benign (233).png,Dataset_BUSI_with_GT/benign/benign (233).png,benign
307,benign (399).png,Dataset_BUSI_with_GT/benign/benign (399).png,benign
308,benign (376).png,Dataset_BUSI_with_GT/benign/benign (376).png,benign
309,benign (419).png,Dataset_BUSI_with_GT/benign/benign (419).png,benign
310,benign (25).png,Dataset_BUSI_with_GT/benign/benign (25).png,benign
311,benign (225).png,Dataset_BUSI_with_GT/benign/benign (225).png,benign
312,benign (360).png,Dataset_BUSI_with_GT/benign/benign (360).png,benign
313,benign (72).png,Dataset_BUSI_with_GT/benign/benign (72).png,benign
314,benign (272).png,Dataset_BUSI_with_GT/benign/benign (272).png,benign
315,benign (337).png,Dataset_BUSI_with_GT/benign/benign (337).png,benign
316,benign (120).png,Dataset_BUSI_with_GT/benign/benign (120).png,benign
317,benign (7).png,Dataset_BUSI_with_GT/benign/benign (7).png,benign
318,benign (435).png,Dataset_BUSI_with_GT/benign/benign (435).png,benign
319,benign (209).png,Dataset_BUSI_with_GT/benign/benign (209).png,benign
320,benign (177).png,Dataset_BUSI_with_GT/benign/benign (177).png,benign
321,benign (198).png,Dataset_BUSI_with_GT/benign/benign (198).png,benign
322,benign (161).png,Dataset_BUSI_with_GT/benign/benign (161).png,benign
323,benign (48).png,Dataset_BUSI_with_GT/benign/benign (48).png,benign
324,benign (248).png,Dataset_BUSI_with_GT/benign/benign (248).png,benign
325,benign (136).png,Dataset_BUSI_with_GT/benign/benign (136).png,benign
326,benign (423).png,Dataset_BUSI_with_GT/benign/benign (423).png,benign
327,benign (14).png,Dataset_BUSI_with_GT/benign/benign (14).png,benign
328,benign (428).png,Dataset_BUSI_with_GT/benign/benign (428).png,benign
329,benign (351).png,Dataset_BUSI_with_GT/benign/benign (351).png,benign
330,benign (214).png,Dataset_BUSI_with_GT/benign/benign (214).png,benign
331,benign (43).png,Dataset_BUSI_with_GT/benign/benign (43).png,benign
332,benign (185).png,Dataset_BUSI_with_GT/benign/benign (185).png,benign
333,benign (306).png,Dataset_BUSI_with_GT/benign/benign (306).png,benign
334,benign (243).png,Dataset_BUSI_with_GT/benign/benign (243).png,benign
335,benign (55).png,Dataset_BUSI_with_GT/benign/benign (55).png,benign
336,benign (193).png,Dataset_BUSI_with_GT/benign/benign (193).png,benign
337,benign (310).png,Dataset_BUSI_with_GT/benign/benign (310).png,benign
338,benign (255).png,Dataset_BUSI_with_GT/benign/benign (255).png,benign
339,benign (347).png,Dataset_BUSI_with_GT/benign/benign (347).png,benign
340,benign (202).png,Dataset_BUSI_with_GT/benign/benign (202).png,benign
341,benign (96).png,Dataset_BUSI_with_GT/benign/benign (96).png,benign
342,benign (150).png,Dataset_BUSI_with_GT/benign/benign (150).png,benign
343,benign (79).png,Dataset_BUSI_with_GT/benign/benign (79).png,benign
344,benign (279).png,Dataset_BUSI_with_GT/benign/benign (279).png,benign
345,benign (296).png,Dataset_BUSI_with_GT/benign/benign (296).png,benign
346,benign (412).png,Dataset_BUSI_with_GT/benign/benign (412).png,benign
347,benign (107).png,Dataset_BUSI_with_GT/benign/benign (107).png,benign
348,benign (384).png,Dataset_BUSI_with_GT/benign/benign (384).png,benign
349,benign (404).png,Dataset_BUSI_with_GT/benign/benign (404).png,benign
350,benign (111).png,Dataset_BUSI_with_GT/benign/benign (111).png,benign
351,benign (38).png,Dataset_BUSI_with_GT/benign/benign (38).png,benign
352,benign (392).png,Dataset_BUSI_with_GT/benign/benign (392).png,benign
353,benign (238).png,Dataset_BUSI_with_GT/benign/benign (238).png,benign
354,benign (80).png,Dataset_BUSI_with_GT/benign/benign (80).png,benign
355,benign (146).png,Dataset_BUSI_with_GT/benign/benign (146).png,benign
356,benign (280).png,Dataset_BUSI_with_GT/benign/benign (280).png,benign
357,benign (218).png,Dataset_BUSI_with_GT/benign/benign (218).png,benign
358,benign (131).png,Dataset_BUSI_with_GT/benign/benign (131).png,benign
359,benign (18).png,Dataset_BUSI_with_GT/benign/benign (18).png,benign
360,benign (424).png,Dataset_BUSI_with_GT/benign/benign (424).png,benign
361,benign (166).png,Dataset_BUSI_with_GT/benign/benign (166).png,benign
362,benign (189).png,Dataset_BUSI_with_GT/benign/benign (189).png,benign
363,benign (259).png,Dataset_BUSI_with_GT/benign/benign (259).png,benign
364,benign (170).png,Dataset_BUSI_with_GT/benign/benign (170).png,benign
365,benign (59).png,Dataset_BUSI_with_GT/benign/benign (59).png,benign
366,benign (127).png,Dataset_BUSI_with_GT/benign/benign (127).png,benign
367,benign (432).png,Dataset_BUSI_with_GT/benign/benign (432).png,benign
368,benign (275).png,Dataset_BUSI_with_GT/benign/benign (275).png,benign
369,benign (330).png,Dataset_BUSI_with_GT/benign/benign (330).png,benign
370,benign (75).png,Dataset_BUSI_with_GT/benign/benign (75).png,benign
371,benign (388).png,Dataset_BUSI_with_GT/benign/benign (388).png,benign
372,benign (222).png,Dataset_BUSI_with_GT/benign/benign (222).png,benign
373,benign (367).png,Dataset_BUSI_with_GT/benign/benign (367).png,benign
374,benign (22).png,Dataset_BUSI_with_GT/benign/benign (22).png,benign
375,benign (234).png,Dataset_BUSI_with_GT/benign/benign (234).png,benign
376,benign (371).png,Dataset_BUSI_with_GT/benign/benign (371).png,benign
377,benign (408).png,Dataset_BUSI_with_GT/benign/benign (408).png,benign
378,benign (34).png,Dataset_BUSI_with_GT/benign/benign (34).png,benign
379,benign (263).png,Dataset_BUSI_with_GT/benign/benign (263).png,benign
380,benign (326).png,Dataset_BUSI_with_GT/benign/benign (326).png,benign
381,benign (63).png,Dataset_BUSI_with_GT/benign/benign (63).png,benign
382,benign (62).png,Dataset_BUSI_with_GT/benign/benign (62).png,benign
383,benign (262).png,Dataset_BUSI_with_GT/benign/benign (262).png,benign
384,benign (327).png,Dataset_BUSI_with_GT/benign/benign (327).png,benign
385,benign (409).png,Dataset_BUSI_with_GT/benign/benign (409).png,benign
386,benign (35).png,Dataset_BUSI_with_GT/benign/benign (35).png,benign
387,benign (235).png,Dataset_BUSI_with_GT/benign/benign (235).png,benign
388,benign (370).png,Dataset_BUSI_with_GT/benign/benign (370).png,benign
389,benign (23).png,Dataset_BUSI_with_GT/benign/benign (23).png,benign
390,benign (389).png,Dataset_BUSI_with_GT/benign/benign (389).png,benign
391,benign (223).png,Dataset_BUSI_with_GT/benign/benign (223).png,benign
392,benign (366).png,Dataset_BUSI_with_GT/benign/benign (366).png,benign
393,benign (74).png,Dataset_BUSI_with_GT/benign/benign (74).png,benign
394,benign (274).png,Dataset_BUSI_with_GT/benign/benign (274).png,benign
395,benign (331).png,Dataset_BUSI_with_GT/benign/benign (331).png,benign
396,benign (126).png,Dataset_BUSI_with_GT/benign/benign (126).png,benign
397,benign (433).png,Dataset_BUSI_with_GT/benign/benign (433).png,benign
398,benign (1).png,Dataset_BUSI_with_GT/benign/benign (1).png,benign
399,benign (171).png,Dataset_BUSI_with_GT/benign/benign (171).png,benign
400,benign (58).png,Dataset_BUSI_with_GT/benign/benign (58).png,benign
401,benign (258).png,Dataset_BUSI_with_GT/benign/benign (258).png,benign
402,benign (167).png,Dataset_BUSI_with_GT/benign/benign (167).png,benign
403,benign (188).png,Dataset_BUSI_with_GT/benign/benign (188).png,benign
404,benign (130).png,Dataset_BUSI_with_GT/benign/benign (130).png,benign
405,benign (19).png,Dataset_BUSI_with_GT/benign/benign (19).png,benign
406,benign (425).png,Dataset_BUSI_with_GT/benign/benign (425).png,benign
407,benign (219).png,Dataset_BUSI_with_GT/benign/benign (219).png,benign
408,benign (281).png,Dataset_BUSI_with_GT/benign/benign (281).png,benign
409,benign (81).png,Dataset_BUSI_with_GT/benign/benign (81).png,benign
410,benign (147).png,Dataset_BUSI_with_GT/benign/benign (147).png,benign
411,benign (393).png,Dataset_BUSI_with_GT/benign/benign (393).png,benign
412,benign (239).png,Dataset_BUSI_with_GT/benign/benign (239).png,benign
413,benign (405).png,Dataset_BUSI_with_GT/benign/benign (405).png,benign
414,benign (110).png,Dataset_BUSI_with_GT/benign/benign (110).png,benign
415,benign (39).png,Dataset_BUSI_with_GT/benign/benign (39).png,benign
416,benign (385).png,Dataset_BUSI_with_GT/benign/benign (385).png,benign
417,benign (413).png,Dataset_BUSI_with_GT/benign/benign (413).png,benign
418,benign (106).png,Dataset_BUSI_with_GT/benign/benign (106).png,benign
419,benign (278).png,Dataset_BUSI_with_GT/benign/benign (278).png,benign
420,benign (297).png,Dataset_BUSI_with_GT/benign/benign (297).png,benign
421,benign (97).png,Dataset_BUSI_with_GT/benign/benign (97).png,benign
422,benign (151).png,Dataset_BUSI_with_GT/benign/benign (151).png,benign
423,benign (78).png,Dataset_BUSI_with_GT/benign/benign (78).png,benign
424,benign (346).png,Dataset_BUSI_with_GT/benign/benign (346).png,benign
425,benign (203).png,Dataset_BUSI_with_GT/benign/benign (203).png,benign
426,benign (311).png,Dataset_BUSI_with_GT/benign/benign (311).png,benign
427,benign (254).png,Dataset_BUSI_with_GT/benign/benign (254).png,benign
428,benign (54).png,Dataset_BUSI_with_GT/benign/benign (54).png,benign
429,benign (192).png,Dataset_BUSI_with_GT/benign/benign (192).png,benign
430,benign (307).png,Dataset_BUSI_with_GT/benign/benign (307).png,benign
431,benign (242).png,Dataset_BUSI_with_GT/benign/benign (242).png,benign
432,benign (42).png,Dataset_BUSI_with_GT/benign/benign (42).png,benign
433,benign (184).png,Dataset_BUSI_with_GT/benign/benign (184).png,benign
434,benign (350).png,Dataset_BUSI_with_GT/benign/benign (350).png,benign
435,benign (215).png,Dataset_BUSI_with_GT/benign/benign (215).png,benign
436,benign (15).png,Dataset_BUSI_with_GT/benign/benign (15).png,benign
437,benign (429).png,Dataset_BUSI_with_GT/benign/benign (429).png,benign
438,malignant (206).png,Dataset_BUSI_with_GT/malignant/malignant (206).png,malignant
439,malignant (178).png,Dataset_BUSI_with_GT/malignant/malignant (178).png,malignant
440,malignant (197).png,Dataset_BUSI_with_GT/malignant/malignant (197).png,malignant
441,malignant (51).png,Dataset_BUSI_with_GT/malignant/malignant (51).png,malignant
442,malignant (47).png,Dataset_BUSI_with_GT/malignant/malignant (47).png,malignant
443,malignant (181).png,Dataset_BUSI_with_GT/malignant/malignant (181).png,malignant
444,malignant (210).png,Dataset_BUSI_with_GT/malignant/malignant (210).png,malignant
445,malignant (139).png,Dataset_BUSI_with_GT/malignant/malignant (139).png,malignant
446,malignant (10).png,Dataset_BUSI_with_GT/malignant/malignant (10).png,malignant
447,malignant (84).png,Dataset_BUSI_with_GT/malignant/malignant (84).png,malignant
448,malignant (142).png,Dataset_BUSI_with_GT/malignant/malignant (142).png,malignant
449,malignant (115).png,Dataset_BUSI_with_GT/malignant/malignant (115).png,malignant
450,malignant (103).png,Dataset_BUSI_with_GT/malignant/malignant (103).png,malignant
451,malignant (6).png,Dataset_BUSI_with_GT/malignant/malignant (6).png,malignant
452,malignant (154).png,Dataset_BUSI_with_GT/malignant/malignant (154).png,malignant
453,malignant (92).png,Dataset_BUSI_with_GT/malignant/malignant (92).png,malignant
454,malignant (123).png,Dataset_BUSI_with_GT/malignant/malignant (123).png,malignant
455,malignant (174).png,Dataset_BUSI_with_GT/malignant/malignant (174).png,malignant
456,malignant (162).png,Dataset_BUSI_with_GT/malignant/malignant (162).png,malignant
457,malignant (135).png,Dataset_BUSI_with_GT/malignant/malignant (135).png,malignant
458,malignant (67).png,Dataset_BUSI_with_GT/malignant/malignant (67).png,malignant
459,malignant (88).png,Dataset_BUSI_with_GT/malignant/malignant (88).png,malignant
460,malignant (30).png,Dataset_BUSI_with_GT/malignant/malignant (30).png,malignant
461,malignant (119).png,Dataset_BUSI_with_GT/malignant/malignant (119).png,malignant
462,malignant (26).png,Dataset_BUSI_with_GT/malignant/malignant (26).png,malignant
463,malignant (71).png,Dataset_BUSI_with_GT/malignant/malignant (71).png,malignant
464,malignant (158).png,Dataset_BUSI_with_GT/malignant/malignant (158).png,malignant
465,malignant (70).png,Dataset_BUSI_with_GT/malignant/malignant (70).png,malignant
466,malignant (159).png,Dataset_BUSI_with_GT/malignant/malignant (159).png,malignant
467,malignant (27).png,Dataset_BUSI_with_GT/malignant/malignant (27).png,malignant
468,malignant (31).png,Dataset_BUSI_with_GT/malignant/malignant (31).png,malignant
469,malignant (118).png,Dataset_BUSI_with_GT/malignant/malignant (118).png,malignant
470,malignant (66).png,Dataset_BUSI_with_GT/malignant/malignant (66).png,malignant
471,malignant (89).png,Dataset_BUSI_with_GT/malignant/malignant (89).png,malignant
472,malignant (134).png,Dataset_BUSI_with_GT/malignant/malignant (134).png,malignant
473,malignant (163).png,Dataset_BUSI_with_GT/malignant/malignant (163).png,malignant
474,malignant (175).png,Dataset_BUSI_with_GT/malignant/malignant (175).png,malignant
475,malignant (122).png,Dataset_BUSI_with_GT/malignant/malignant (122).png,malignant
476,malignant (7).png,Dataset_BUSI_with_GT/malignant/malignant (7).png,malignant
477,malignant (155).png,Dataset_BUSI_with_GT/malignant/malignant (155).png,malignant
478,malignant (93).png,Dataset_BUSI_with_GT/malignant/malignant (93).png,malignant
479,malignant (102).png,Dataset_BUSI_with_GT/malignant/malignant (102).png,malignant
480,malignant (114).png,Dataset_BUSI_with_GT/malignant/malignant (114).png,malignant
481,malignant (85).png,Dataset_BUSI_with_GT/malignant/malignant (85).png,malignant
482,malignant (143).png,Dataset_BUSI_with_GT/malignant/malignant (143).png,malignant
483,malignant (138).png,Dataset_BUSI_with_GT/malignant/malignant (138).png,malignant
484,malignant (11).png,Dataset_BUSI_with_GT/malignant/malignant (11).png,malignant
485,malignant (46).png,Dataset_BUSI_with_GT/malignant/malignant (46).png,malignant
486,malignant (180).png,Dataset_BUSI_with_GT/malignant/malignant (180).png,malignant
487,malignant (179).png,Dataset_BUSI_with_GT/malignant/malignant (179).png,malignant
488,malignant (196).png,Dataset_BUSI_with_GT/malignant/malignant (196).png,malignant
489,malignant (50).png,Dataset_BUSI_with_GT/malignant/malignant (50).png,malignant
490,malignant (207).png,Dataset_BUSI_with_GT/malignant/malignant (207).png,malignant
491,malignant (125).png,Dataset_BUSI_with_GT/malignant/malignant (125).png,malignant
492,malignant (172).png,Dataset_BUSI_with_GT/malignant/malignant (172).png,malignant
493,malignant (164).png,Dataset_BUSI_with_GT/malignant/malignant (164).png,malignant
494,malignant (133).png,Dataset_BUSI_with_GT/malignant/malignant (133).png,malignant
495,malignant (61).png,Dataset_BUSI_with_GT/malignant/malignant (61).png,malignant
496,malignant (148).png,Dataset_BUSI_with_GT/malignant/malignant (148).png,malignant
497,malignant (36).png,Dataset_BUSI_with_GT/malignant/malignant (36).png,malignant
498,malignant (20).png,Dataset_BUSI_with_GT/malignant/malignant (20).png,malignant
499,malignant (109).png,Dataset_BUSI_with_GT/malignant/malignant (109).png,malignant
500,malignant (77).png,Dataset_BUSI_with_GT/malignant/malignant (77).png,malignant
501,malignant (98).png,Dataset_BUSI_with_GT/malignant/malignant (98).png,malignant
502,malignant (200).png,Dataset_BUSI_with_GT/malignant/malignant (200).png,malignant
503,malignant (129).png,Dataset_BUSI_with_GT/malignant/malignant (129).png,malignant
504,malignant (57).png,Dataset_BUSI_with_GT/malignant/malignant (57).png,malignant
505,malignant (191).png,Dataset_BUSI_with_GT/malignant/malignant (191).png,malignant
506,malignant (168).png,Dataset_BUSI_with_GT/malignant/malignant (168).png,malignant
507,malignant (187).png,Dataset_BUSI_with_GT/malignant/malignant (187).png,malignant
508,malignant (41).png,Dataset_BUSI_with_GT/malignant/malignant (41).png,malignant
509,malignant (16).png,Dataset_BUSI_with_GT/malignant/malignant (16).png,malignant
510,malignant (144).png,Dataset_BUSI_with_GT/malignant/malignant (144).png,malignant
511,malignant (82).png,Dataset_BUSI_with_GT/malignant/malignant (82).png,malignant
512,malignant (113).png,Dataset_BUSI_with_GT/malignant/malignant (113).png,malignant
513,malignant (105).png,Dataset_BUSI_with_GT/malignant/malignant (105).png,malignant
514,malignant (94).png,Dataset_BUSI_with_GT/malignant/malignant (94).png,malignant
515,malignant (152).png,Dataset_BUSI_with_GT/malignant/malignant (152).png,malignant
516,malignant (1).png,Dataset_BUSI_with_GT/malignant/malignant (1).png,malignant
517,malignant (95).png,Dataset_BUSI_with_GT/malignant/malignant (95).png,malignant
518,malignant (153).png,Dataset_BUSI_with_GT/malignant/malignant (153).png,malignant
519,malignant (104).png,Dataset_BUSI_with_GT/malignant/malignant (104).png,malignant
520,malignant (112).png,Dataset_BUSI_with_GT/malignant/malignant (112).png,malignant
521,malignant (145).png,Dataset_BUSI_with_GT/malignant/malignant (145).png,malignant
522,malignant (83).png,Dataset_BUSI_with_GT/malignant/malignant (83).png,malignant
523,malignant (17).png,Dataset_BUSI_with_GT/malignant/malignant (17).png,malignant
524,malignant (169).png,Dataset_BUSI_with_GT/malignant/malignant (169).png,malignant
525,malignant (186).png,Dataset_BUSI_with_GT/malignant/malignant (186).png,malignant
526,malignant (40).png,Dataset_BUSI_with_GT/malignant/malignant (40).png,malignant
527,malignant (56).png,Dataset_BUSI_with_GT/malignant/malignant (56).png,malignant
528,malignant (190).png,Dataset_BUSI_with_GT/malignant/malignant (190).png,malignant
529,malignant (128).png,Dataset_BUSI_with_GT/malignant/malignant (128).png,malignant
530,malignant (201).png,Dataset_BUSI_with_GT/malignant/malignant (201).png,malignant
531,malignant (76).png,Dataset_BUSI_with_GT/malignant/malignant (76).png,malignant
532,malignant (99).png,Dataset_BUSI_with_GT/malignant/malignant (99).png,malignant
533,malignant (21).png,Dataset_BUSI_with_GT/malignant/malignant (21).png,malignant
534,malignant (108).png,Dataset_BUSI_with_GT/malignant/malignant (108).png,malignant
535,malignant (37).png,Dataset_BUSI_with_GT/malignant/malignant (37).png,malignant
536,malignant (60).png,Dataset_BUSI_with_GT/malignant/malignant (60).png,malignant
537,malignant (149).png,Dataset_BUSI_with_GT/malignant/malignant (149).png,malignant
538,malignant (132).png,Dataset_BUSI_with_GT/malignant/malignant (132).png,malignant
539,malignant (165).png,Dataset_BUSI_with_GT/malignant/malignant (165).png,malignant
540,malignant (173).png,Dataset_BUSI_with_GT/malignant/malignant (173).png,malignant
541,malignant (124).png,Dataset_BUSI_with_GT/malignant/malignant (124).png,malignant
542,malignant (75).png,Dataset_BUSI_with_GT/malignant/malignant (75).png,malignant
543,malignant (22).png,Dataset_BUSI_with_GT/malignant/malignant (22).png,malignant
544,malignant (34).png,Dataset_BUSI_with_GT/malignant/malignant (34).png,malignant
545,malignant (63).png,Dataset_BUSI_with_GT/malignant/malignant (63).png,malignant
546,malignant (18).png,Dataset_BUSI_with_GT/malignant/malignant (18).png,malignant
547,malignant (131).png,Dataset_BUSI_with_GT/malignant/malignant (131).png,malignant
548,malignant (189).png,Dataset_BUSI_with_GT/malignant/malignant (189).png,malignant
549,malignant (166).png,Dataset_BUSI_with_GT/malignant/malignant (166).png,malignant
550,malignant (59).png,Dataset_BUSI_with_GT/malignant/malignant (59).png,malignant
551,malignant (170).png,Dataset_BUSI_with_GT/malignant/malignant (170).png,malignant
552,malignant (127).png,Dataset_BUSI_with_GT/malignant/malignant (127).png,malignant
553,malignant (150).png,Dataset_BUSI_with_GT/malignant/malignant (150).png,malignant
554,malignant (96).png,Dataset_BUSI_with_GT/malignant/malignant (96).png,malignant
555,malignant (79).png,Dataset_BUSI_with_GT/malignant/malignant (79).png,malignant
556,malignant (2).png,Dataset_BUSI_with_GT/malignant/malignant (2).png,malignant
557,malignant (107).png,Dataset_BUSI_with_GT/malignant/malignant (107).png,malignant
558,malignant (111).png,Dataset_BUSI_with_GT/malignant/malignant (111).png,malignant
559,malignant (38).png,Dataset_BUSI_with_GT/malignant/malignant (38).png,malignant
560,malignant (80).png,Dataset_BUSI_with_GT/malignant/malignant (80).png,malignant
561,malignant (146).png,Dataset_BUSI_with_GT/malignant/malignant (146).png,malignant
562,malignant (14).png,Dataset_BUSI_with_GT/malignant/malignant (14).png,malignant
563,malignant (43).png,Dataset_BUSI_with_GT/malignant/malignant (43).png,malignant
564,malignant (185).png,Dataset_BUSI_with_GT/malignant/malignant (185).png,malignant
565,malignant (193).png,Dataset_BUSI_with_GT/malignant/malignant (193).png,malignant
566,malignant (55).png,Dataset_BUSI_with_GT/malignant/malignant (55).png,malignant
567,malignant (202).png,Dataset_BUSI_with_GT/malignant/malignant (202).png,malignant
568,malignant (203).png,Dataset_BUSI_with_GT/malignant/malignant (203).png,malignant
569,malignant (192).png,Dataset_BUSI_with_GT/malignant/malignant (192).png,malignant
570,malignant (54).png,Dataset_BUSI_with_GT/malignant/malignant (54).png,malignant
571,malignant (42).png,Dataset_BUSI_with_GT/malignant/malignant (42).png,malignant
572,malignant (184).png,Dataset_BUSI_with_GT/malignant/malignant (184).png,malignant
573,malignant (15).png,Dataset_BUSI_with_GT/malignant/malignant (15).png,malignant
574,malignant (81).png,Dataset_BUSI_with_GT/malignant/malignant (81).png,malignant
575,malignant (147).png,Dataset_BUSI_with_GT/malignant/malignant (147).png,malignant
576,malignant (110).png,Dataset_BUSI_with_GT/malignant/malignant (110).png,malignant
577,malignant (39).png,Dataset_BUSI_with_GT/malignant/malignant (39).png,malignant
578,malignant (106).png,Dataset_BUSI_with_GT/malignant/malignant (106).png,malignant
579,malignant (151).png,Dataset_BUSI_with_GT/malignant/malignant (151).png,malignant
580,malignant (97).png,Dataset_BUSI_with_GT/malignant/malignant (97).png,malignant
581,malignant (78).png,Dataset_BUSI_with_GT/malignant/malignant (78).png,malignant
582,malignant (3).png,Dataset_BUSI_with_GT/malignant/malignant (3).png,malignant
583,malignant (126).png,Dataset_BUSI_with_GT/malignant/malignant (126).png,malignant
584,malignant (58).png,Dataset_BUSI_with_GT/malignant/malignant (58).png,malignant
585,malignant (171).png,Dataset_BUSI_with_GT/malignant/malignant (171).png,malignant
586,malignant (188).png,Dataset_BUSI_with_GT/malignant/malignant (188).png,malignant
587,malignant (167).png,Dataset_BUSI_with_GT/malignant/malignant (167).png,malignant
588,malignant (19).png,Dataset_BUSI_with_GT/malignant/malignant (19).png,malignant
589,malignant (130).png,Dataset_BUSI_with_GT/malignant/malignant (130).png,malignant
590,malignant (62).png,Dataset_BUSI_with_GT/malignant/malignant (62).png,malignant
591,malignant (35).png,Dataset_BUSI_with_GT/malignant/malignant (35).png,malignant
592,malignant (23).png,Dataset_BUSI_with_GT/malignant/malignant (23).png,malignant
593,malignant (74).png,Dataset_BUSI_with_GT/malignant/malignant (74).png,malignant
594,malignant (90).png,Dataset_BUSI_with_GT/malignant/malignant (90).png,malignant
595,malignant (156).png,Dataset_BUSI_with_GT/malignant/malignant (156).png,malignant
596,malignant (4).png,Dataset_BUSI_with_GT/malignant/malignant (4).png,malignant
597,malignant (101).png,Dataset_BUSI_with_GT/malignant/malignant (101).png,malignant
598,malignant (28).png,Dataset_BUSI_with_GT/malignant/malignant (28).png,malignant
599,malignant (117).png,Dataset_BUSI_with_GT/malignant/malignant (117).png,malignant
600,malignant (140).png,Dataset_BUSI_with_GT/malignant/malignant (140).png,malignant
601,malignant (86).png,Dataset_BUSI_with_GT/malignant/malignant (86).png,malignant
602,malignant (69).png,Dataset_BUSI_with_GT/malignant/malignant (69).png,malignant
603,malignant (12).png,Dataset_BUSI_with_GT/malignant/malignant (12).png,malignant
604,malignant (183).png,Dataset_BUSI_with_GT/malignant/malignant (183).png,malignant
605,malignant (45).png,Dataset_BUSI_with_GT/malignant/malignant (45).png,malignant
606,malignant (53).png,Dataset_BUSI_with_GT/malignant/malignant (53).png,malignant
607,malignant (195).png,Dataset_BUSI_with_GT/malignant/malignant (195).png,malignant
608,malignant (204).png,Dataset_BUSI_with_GT/malignant/malignant (204).png,malignant
609,malignant (73).png,Dataset_BUSI_with_GT/malignant/malignant (73).png,malignant
610,malignant (8).png,Dataset_BUSI_with_GT/malignant/malignant (8).png,malignant
611,malignant (24).png,Dataset_BUSI_with_GT/malignant/malignant (24).png,malignant
612,malignant (32).png,Dataset_BUSI_with_GT/malignant/malignant (32).png,malignant
613,malignant (65).png,Dataset_BUSI_with_GT/malignant/malignant (65).png,malignant
614,malignant (137).png,Dataset_BUSI_with_GT/malignant/malignant (137).png,malignant
615,malignant (49).png,Dataset_BUSI_with_GT/malignant/malignant (49).png,malignant
616,malignant (160).png,Dataset_BUSI_with_GT/malignant/malignant (160).png,malignant
617,malignant (199).png,Dataset_BUSI_with_GT/malignant/malignant (199).png,malignant
618,malignant (176).png,Dataset_BUSI_with_GT/malignant/malignant (176).png,malignant
619,malignant (208).png,Dataset_BUSI_with_GT/malignant/malignant (208).png,malignant
620,malignant (121).png,Dataset_BUSI_with_GT/malignant/malignant (121).png,malignant
621,malignant (120).png,Dataset_BUSI_with_GT/malignant/malignant (120).png,malignant
622,malignant (209).png,Dataset_BUSI_with_GT/malignant/malignant (209).png,malignant
623,malignant (198).png,Dataset_BUSI_with_GT/malignant/malignant (198).png,malignant
624,malignant (177).png,Dataset_BUSI_with_GT/malignant/malignant (177).png,malignant
625,malignant (48).png,Dataset_BUSI_with_GT/malignant/malignant (48).png,malignant
626,malignant (161).png,Dataset_BUSI_with_GT/malignant/malignant (161).png,malignant
627,malignant (136).png,Dataset_BUSI_with_GT/malignant/malignant (136).png,malignant
628,malignant (64).png,Dataset_BUSI_with_GT/malignant/malignant (64).png,malignant
629,malignant (33).png,Dataset_BUSI_with_GT/malignant/malignant (33).png,malignant
630,malignant (25).png,Dataset_BUSI_with_GT/malignant/malignant (25).png,malignant
631,malignant (72).png,Dataset_BUSI_with_GT/malignant/malignant (72).png,malignant
632,malignant (9).png,Dataset_BUSI_with_GT/malignant/malignant (9).png,malignant
633,malignant (205).png,Dataset_BUSI_with_GT/malignant/malignant (205).png,malignant
634,malignant (52).png,Dataset_BUSI_with_GT/malignant/malignant (52).png,malignant
635,malignant (194).png,Dataset_BUSI_with_GT/malignant/malignant (194).png,malignant
636,malignant (182).png,Dataset_BUSI_with_GT/malignant/malignant (182).png,malignant
637,malignant (44).png,Dataset_BUSI_with_GT/malignant/malignant (44).png,malignant
638,malignant (13).png,Dataset_BUSI_with_GT/malignant/malignant (13).png,malignant
639,malignant (141).png,Dataset_BUSI_with_GT/malignant/malignant (141).png,malignant
640,malignant (87).png,Dataset_BUSI_with_GT/malignant/malignant (87).png,malignant
641,malignant (68).png,Dataset_BUSI_with_GT/malignant/malignant (68).png,malignant
642,malignant (116).png,Dataset_BUSI_with_GT/malignant/malignant (116).png,malignant
643,malignant (100).png,Dataset_BUSI_with_GT/malignant/malignant (100).png,malignant
644,malignant (29).png,Dataset_BUSI_with_GT/malignant/malignant (29).png,malignant
645,malignant (91).png,Dataset_BUSI_with_GT/malignant/malignant (91).png,malignant
646,malignant (157).png,Dataset_BUSI_with_GT/malignant/malignant (157).png,malignant
647,malignant (5).png,Dataset_BUSI_with_GT/malignant/malignant (5).png,malignant
648,normal (52).png,Dataset_BUSI_with_GT/normal/normal (52).png,normal
649,normal (44).png,Dataset_BUSI_with_GT/normal/normal (44).png,normal
650,normal (108).png,Dataset_BUSI_with_GT/normal/normal (108).png,normal
651,normal (13).png,Dataset_BUSI_with_GT/normal/normal (13).png,normal
652,normal (87).png,Dataset_BUSI_with_GT/normal/normal (87).png,normal
653,normal (68).png,Dataset_BUSI_with_GT/normal/normal (68).png,normal
654,normal (124).png,Dataset_BUSI_with_GT/normal/normal (124).png,normal
655,normal (132).png,Dataset_BUSI_with_GT/normal/normal (132).png,normal
656,normal (29).png,Dataset_BUSI_with_GT/normal/normal (29).png,normal
657,normal (91).png,Dataset_BUSI_with_GT/normal/normal (91).png,normal
658,normal (112).png,Dataset_BUSI_with_GT/normal/normal (112).png,normal
659,normal (48).png,Dataset_BUSI_with_GT/normal/normal (48).png,normal
660,normal (104).png,Dataset_BUSI_with_GT/normal/normal (104).png,normal
661,normal (64).png,Dataset_BUSI_with_GT/normal/normal (64).png,normal
662,normal (33).png,Dataset_BUSI_with_GT/normal/normal (33).png,normal
663,normal (128).png,Dataset_BUSI_with_GT/normal/normal (128).png,normal
664,normal (25).png,Dataset_BUSI_with_GT/normal/normal (25).png,normal
665,normal (72).png,Dataset_BUSI_with_GT/normal/normal (72).png,normal
666,normal (73).png,Dataset_BUSI_with_GT/normal/normal (73).png,normal
667,normal (24).png,Dataset_BUSI_with_GT/normal/normal (24).png,normal
668,normal (129).png,Dataset_BUSI_with_GT/normal/normal (129).png,normal
669,normal (32).png,Dataset_BUSI_with_GT/normal/normal (32).png,normal
670,normal (65).png,Dataset_BUSI_with_GT/normal/normal (65).png,normal
671,normal (105).png,Dataset_BUSI_with_GT/normal/normal (105).png,normal
672,normal (49).png,Dataset_BUSI_with_GT/normal/normal (49).png,normal
673,normal (113).png,Dataset_BUSI_with_GT/normal/normal (113).png,normal
674,normal (90).png,Dataset_BUSI_with_GT/normal/normal (90).png,normal
675,normal (28).png,Dataset_BUSI_with_GT/normal/normal (28).png,normal
676,normal (133).png,Dataset_BUSI_with_GT/normal/normal (133).png,normal
677,normal (1).png,Dataset_BUSI_with_GT/normal/normal (1).png,normal
678,normal (125).png,Dataset_BUSI_with_GT/normal/normal (125).png,normal
679,normal (86).png,Dataset_BUSI_with_GT/normal/normal (86).png,normal
680,normal (69).png,Dataset_BUSI_with_GT/normal/normal (69).png,normal
681,normal (12).png,Dataset_BUSI_with_GT/normal/normal (12).png,normal
682,normal (109).png,Dataset_BUSI_with_GT/normal/normal (109).png,normal
683,normal (45).png,Dataset_BUSI_with_GT/normal/normal (45).png,normal
684,normal (53).png,Dataset_BUSI_with_GT/normal/normal (53).png,normal
685,normal (114).png,Dataset_BUSI_with_GT/normal/normal (114).png,normal
686,normal (58).png,Dataset_BUSI_with_GT/normal/normal (58).png,normal
687,normal (19).png,Dataset_BUSI_with_GT/normal/normal (19).png,normal
688,normal (102).png,Dataset_BUSI_with_GT/normal/normal (102).png,normal
689,normal (62).png,Dataset_BUSI_with_GT/normal/normal (62).png,normal
690,normal (35).png,Dataset_BUSI_with_GT/normal/normal (35).png,normal
691,normal (23).png,Dataset_BUSI_with_GT/normal/normal (23).png,normal
692,normal (74).png,Dataset_BUSI_with_GT/normal/normal (74).png,normal
693,normal (118).png,Dataset_BUSI_with_GT/normal/normal (118).png,normal
694,normal (54).png,Dataset_BUSI_with_GT/normal/normal (54).png,normal
695,normal (42).png,Dataset_BUSI_with_GT/normal/normal (42).png,normal
696,normal (15).png,Dataset_BUSI_with_GT/normal/normal (15).png,normal
697,normal (81).png,Dataset_BUSI_with_GT/normal/normal (81).png,normal
698,normal (122).png,Dataset_BUSI_with_GT/normal/normal (122).png,normal
699,normal (6).png,Dataset_BUSI_with_GT/normal/normal (6).png,normal
700,normal (39).png,Dataset_BUSI_with_GT/normal/normal (39).png,normal
701,normal (97).png,Dataset_BUSI_with_GT/normal/normal (97).png,normal
702,normal (78).png,Dataset_BUSI_with_GT/normal/normal (78).png,normal
703,normal (96).png,Dataset_BUSI_with_GT/normal/normal (96).png,normal
704,normal (79).png,Dataset_BUSI_with_GT/normal/normal (79).png,normal
705,normal (7).png,Dataset_BUSI_with_GT/normal/normal (7).png,normal
706,normal (38).png,Dataset_BUSI_with_GT/normal/normal (38).png,normal
707,normal (123).png,Dataset_BUSI_with_GT/normal/normal (123).png,normal
708,normal (80).png,Dataset_BUSI_with_GT/normal/normal (80).png,normal
709,normal (14).png,Dataset_BUSI_with_GT/normal/normal (14).png,normal
710,normal (43).png,Dataset_BUSI_with_GT/normal/normal (43).png,normal
711,normal (55).png,Dataset_BUSI_with_GT/normal/normal (55).png,normal
712,normal (119).png,Dataset_BUSI_with_GT/normal/normal (119).png,normal
713,normal (75).png,Dataset_BUSI_with_GT/normal/normal (75).png,normal
714,normal (22).png,Dataset_BUSI_with_GT/normal/normal (22).png,normal
715,normal (34).png,Dataset_BUSI_with_GT/normal/normal (34).png,normal
716,normal (63).png,Dataset_BUSI_with_GT/normal/normal (63).png,normal
717,normal (103).png,Dataset_BUSI_with_GT/normal/normal (103).png,normal
718,normal (18).png,Dataset_BUSI_with_GT/normal/normal (18).png,normal
719,normal (59).png,Dataset_BUSI_with_GT/normal/normal (59).png,normal
720,normal (115).png,Dataset_BUSI_with_GT/normal/normal (115).png,normal
721,normal (76).png,Dataset_BUSI_with_GT/normal/normal (76).png,normal
722,normal (99).png,Dataset_BUSI_with_GT/normal/normal (99).png,normal
723,normal (21).png,Dataset_BUSI_with_GT/normal/normal (21).png,normal
724,normal (8).png,Dataset_BUSI_with_GT/normal/normal (8).png,normal
725,normal (37).png,Dataset_BUSI_with_GT/normal/normal (37).png,normal
726,normal (60).png,Dataset_BUSI_with_GT/normal/normal (60).png,normal
727,normal (100).png,Dataset_BUSI_with_GT/normal/normal (100).png,normal
728,normal (116).png,Dataset_BUSI_with_GT/normal/normal (116).png,normal
729,normal (95).png,Dataset_BUSI_with_GT/normal/normal (95).png,normal
730,normal (4).png,Dataset_BUSI_with_GT/normal/normal (4).png,normal
731,normal (120).png,Dataset_BUSI_with_GT/normal/normal (120).png,normal
732,normal (83).png,Dataset_BUSI_with_GT/normal/normal (83).png,normal
733,normal (17).png,Dataset_BUSI_with_GT/normal/normal (17).png,normal
734,normal (40).png,Dataset_BUSI_with_GT/normal/normal (40).png,normal
735,normal (56).png,Dataset_BUSI_with_GT/normal/normal (56).png,normal
736,normal (57).png,Dataset_BUSI_with_GT/normal/normal (57).png,normal
737,normal (41).png,Dataset_BUSI_with_GT/normal/normal (41).png,normal
738,normal (16).png,Dataset_BUSI_with_GT/normal/normal (16).png,normal
739,normal (82).png,Dataset_BUSI_with_GT/normal/normal (82).png,normal
740,normal (121).png,Dataset_BUSI_with_GT/normal/normal (121).png,normal
741,normal (5).png,Dataset_BUSI_with_GT/normal/normal (5).png,normal
742,normal (94).png,Dataset_BUSI_with_GT/normal/normal (94).png,normal
743,normal (117).png,Dataset_BUSI_with_GT/normal/normal (117).png,normal
744,normal (101).png,Dataset_BUSI_with_GT/normal/normal (101).png,normal
745,normal (61).png,Dataset_BUSI_with_GT/normal/normal (61).png,normal
746,normal (9).png,Dataset_BUSI_with_GT/normal/normal (9).png,normal
747,normal (36).png,Dataset_BUSI_with_GT/normal/normal (36).png,normal
748,normal (20).png,Dataset_BUSI_with_GT/normal/normal (20).png,normal
749,normal (77).png,Dataset_BUSI_with_GT/normal/normal (77).png,normal
750,normal (98).png,Dataset_BUSI_with_GT/normal/normal (98).png,normal
751,normal (93).png,Dataset_BUSI_with_GT/normal/normal (93).png,normal
752,normal (130).png,Dataset_BUSI_with_GT/normal/normal (130).png,normal
753,normal (2).png,Dataset_BUSI_with_GT/normal/normal (2).png,normal
754,normal (126).png,Dataset_BUSI_with_GT/normal/normal (126).png,normal
755,normal (85).png,Dataset_BUSI_with_GT/normal/normal (85).png,normal
756,normal (11).png,Dataset_BUSI_with_GT/normal/normal (11).png,normal
757,normal (46).png,Dataset_BUSI_with_GT/normal/normal (46).png,normal
758,normal (50).png,Dataset_BUSI_with_GT/normal/normal (50).png,normal
759,normal (70).png,Dataset_BUSI_with_GT/normal/normal (70).png,normal
760,normal (27).png,Dataset_BUSI_with_GT/normal/normal (27).png,normal
761,normal (31).png,Dataset_BUSI_with_GT/normal/normal (31).png,normal
762,normal (66).png,Dataset_BUSI_with_GT/normal/normal (66).png,normal
763,normal (89).png,Dataset_BUSI_with_GT/normal/normal (89).png,normal
764,normal (106).png,Dataset_BUSI_with_GT/normal/normal (106).png,normal
765,normal (110).png,Dataset_BUSI_with_GT/normal/normal (110).png,normal
766,normal (111).png,Dataset_BUSI_with_GT/normal/normal (111).png,normal
767,normal (107).png,Dataset_BUSI_with_GT/normal/normal (107).png,normal
768,normal (67).png,Dataset_BUSI_with_GT/normal/normal (67).png,normal
769,normal (88).png,Dataset_BUSI_with_GT/normal/normal (88).png,normal
770,normal (30).png,Dataset_BUSI_with_GT/normal/normal (30).png,normal
771,normal (26).png,Dataset_BUSI_with_GT/normal/normal (26).png,normal
772,normal (71).png,Dataset_BUSI_with_GT/normal/normal (71).png,normal
773,normal (51).png,Dataset_BUSI_with_GT/normal/normal (51).png,normal
774,normal (47).png,Dataset_BUSI_with_GT/normal/normal (47).png,normal
775,normal (10).png,Dataset_BUSI_with_GT/normal/normal (10).png,normal
776,normal (84).png,Dataset_BUSI_with_GT/normal/normal (84).png,normal
777,normal (127).png,Dataset_BUSI_with_GT/normal/normal (127).png,normal
778,normal (3).png,Dataset_BUSI_with_GT/normal/normal (3).png,normal
779,normal (131).png,Dataset_BUSI_with_GT/normal/normal (131).png,normal
780,normal (92).png,Dataset_BUSI_with_GT/normal/normal (92).png,normal
